,cinema_id,movie_id,booking_link
0,7,2928,https://www.muvicinemas.com/en/movies/Blippi-Eng
1,7,2914,https://www.muvicinemas.com/en/movies/Morbius
2,7,2915,https://www.muvicinemas.com/en/movies/The-Lost-City
3,7,2918,https://www.muvicinemas.com/en/movies/The-Bad-Guys-Eng
4,7,2919,https://www.muvicinemas.com/en/movies/The-Bad-Guys-AR
5,7,2920,https://www.muvicinemas.com/en/movies/The-Requin
6,7,2921,https://www.muvicinemas.com/en/movies/Bachchhan-Paandey
7,7,2923,https://www.muvicinemas.com/en/movies/Ted-K
8,7,2925,https://www.muvicinemas.com/en/movies/Koati
9,7,2929,https://www.muvicinemas.com/en/movies/Ambulance
10,7,2930,https://www.muvicinemas.com/en/movies/The-Batman
11,7,2931,https://www.muvicinemas.com/en/movies/Turning-Red
12,7,2932,https://www.muvicinemas.com/en/movies/Uncharted
13,7,2933,https://www.muvicinemas.com/en/movies/The-Contractor
14,7,2934,https://www.muvicinemas.com/en/movies/Champions
15,7,2942,https://www.muvicinemas.com/en/movies/The-Desparate-Hours
16,7,2944,https://www.muvicinemas.com/en/movies/Encanto
17,8,2928,https://www.muvicinemas.com/en/movies/Blippi-Eng
18,8,2914,https://www.muvicinemas.com/en/movies/Morbius
19,8,2915,https://www.muvicinemas.com/en/movies/The-Lost-City
20,8,2918,https://www.muvicinemas.com/en/movies/The-Bad-Guys-Eng
21,8,2919,https://www.muvicinemas.com/en/movies/The-Bad-Guys-AR
22,8,2920,https://www.muvicinemas.com/en/movies/The-Requin
23,8,2921,https://www.muvicinemas.com/en/movies/Bachchhan-Paandey
24,8,2922,https://www.muvicinemas.com/en/movies/The-Wolf-And-The-Lion
25,8,2923,https://www.muvicinemas.com/en/movies/Ted-K
26,8,2926,https://www.muvicinemas.com/en/movies/MaAli-Mama
27,8,2929,https://www.muvicinemas.com/en/movies/Ambulance
28,8,2930,https://www.muvicinemas.com/en/movies/The-Batman
29,8,2931,https://www.muvicinemas.com/en/movies/Turning-Red
30,8,2932,https://www.muvicinemas.com/en/movies/Uncharted
31,8,2933,https://www.muvicinemas.com/en/movies/The-Contractor
32,8,2934,https://www.muvicinemas.com/en/movies/Champions
33,8,2938,https://www.muvicinemas.com/en/movies/Men-Agl-Ziko
34,8,2939,https://www.muvicinemas.com/en/movies/Blacklight
35,8,2942,https://www.muvicinemas.com/en/movies/The-Desparate-Hours
36,8,2944,https://www.muvicinemas.com/en/movies/Encanto
37,9,2928,https://www.muvicinemas.com/en/movies/Blippi-Eng
38,9,2914,https://www.muvicinemas.com/en/movies/Morbius
39,9,2915,https://www.muvicinemas.com/en/movies/The-Lost-City
40,9,2918,https://www.muvicinemas.com/en/movies/The-Bad-Guys-Eng
41,9,2919,https://www.muvicinemas.com/en/movies/The-Bad-Guys-AR
42,9,2921,https://www.muvicinemas.com/en/movies/Bachchhan-Paandey
43,9,2923,https://www.muvicinemas.com/en/movies/Ted-K
44,9,2926,https://www.muvicinemas.com/en/movies/MaAli-Mama
45,9,2929,https://www.muvicinemas.com/en/movies/Ambulance
46,9,2930,https://www.muvicinemas.com/en/movies/The-Batman
47,9,2931,https://www.muvicinemas.com/en/movies/Turning-Red
48,9,2932,https://www.muvicinemas.com/en/movies/Uncharted
49,9,2933,https://www.muvicinemas.com/en/movies/The-Contractor
50,9,2938,https://www.muvicinemas.com/en/movies/Men-Agl-Ziko
51,9,2939,https://www.muvicinemas.com/en/movies/Blacklight
52,9,2942,https://www.muvicinemas.com/en/movies/The-Desparate-Hours
53,9,2944,https://www.muvicinemas.com/en/movies/Encanto
54,14,2928,https://www.muvicinemas.com/en/movies/Blippi-Eng
55,14,2914,https://www.muvicinemas.com/en/movies/Morbius
56,14,2915,https://www.muvicinemas.com/en/movies/The-Lost-City
57,14,2918,https://www.muvicinemas.com/en/movies/The-Bad-Guys-Eng
58,14,2919,https://www.muvicinemas.com/en/movies/The-Bad-Guys-AR
59,14,2920,https://www.muvicinemas.com/en/movies/The-Requin
60,14,2923,https://www.muvicinemas.com/en/movies/Ted-K
61,14,2926,https://www.muvicinemas.com/en/movies/MaAli-Mama
62,14,2929,https://www.muvicinemas.com/en/movies/Ambulance
63,14,2930,https://www.muvicinemas.com/en/movies/The-Batman
64,14,2931,https://www.muvicinemas.com/en/movies/Turning-Red
65,14,2932,https://www.muvicinemas.com/en/movies/Uncharted
66,14,2933,https://www.muvicinemas.com/en/movies/The-Contractor
67,14,2938,https://www.muvicinemas.com/en/movies/Men-Agl-Ziko
68,14,2941,https://www.muvicinemas.com/en/movies/Hamel-EL-Lakab
69,14,2942,https://www.muvicinemas.com/en/movies/The-Desparate-Hours
70,10,2928,https://www.muvicinemas.com/en/movies/Blippi-Eng
71,10,2914,https://www.muvicinemas.com/en/movies/Morbius
72,10,2915,https://www.muvicinemas.com/en/movies/The-Lost-City
73,10,2918,https://www.muvicinemas.com/en/movies/The-Bad-Guys-Eng
74,10,2919,https://www.muvicinemas.com/en/movies/The-Bad-Guys-AR
75,10,2920,https://www.muvicinemas.com/en/movies/The-Requin
76,10,2923,https://www.muvicinemas.com/en/movies/Ted-K
77,10,2924,https://www.muvicinemas.com/en/movies/You-Are-Not-My-Mother
78,10,2925,https://www.muvicinemas.com/en/movies/Koati
79,10,2926,https://www.muvicinemas.com/en/movies/MaAli-Mama
80,10,2929,https://www.muvicinemas.com/en/movies/Ambulance
81,10,2930,https://www.muvicinemas.com/en/movies/The-Batman
82,10,2931,https://www.muvicinemas.com/en/movies/Turning-Red
83,10,2932,https://www.muvicinemas.com/en/movies/Uncharted
84,10,2934,https://www.muvicinemas.com/en/movies/Champions
85,10,2938,https://www.muvicinemas.com/en/movies/Men-Agl-Ziko
86,10,2939,https://www.muvicinemas.com/en/movies/Blacklight
87,10,2941,https://www.muvicinemas.com/en/movies/Hamel-EL-Lakab
88,10,2942,https://www.muvicinemas.com/en/movies/The-Desparate-Hours
89,10,2944,https://www.muvicinemas.com/en/movies/Encanto
90,16,2928,https://www.muvicinemas.com/en/movies/Blippi-Eng
91,16,2914,https://www.muvicinemas.com/en/movies/Morbius
92,16,2915,https://www.muvicinemas.com/en/movies/The-Lost-City
93,16,2918,https://www.muvicinemas.com/en/movies/The-Bad-Guys-Eng
94,16,2919,https://www.muvicinemas.com/en/movies/The-Bad-Guys-AR
95,16,2920,https://www.muvicinemas.com/en/movies/The-Requin
96,16,2921,https://www.muvicinemas.com/en/movies/Bachchhan-Paandey
97,16,2923,https://www.muvicinemas.com/en/movies/Ted-K
98,16,2925,https://www.muvicinemas.com/en/movies/Koati
99,16,2926,https://www.muvicinemas.com/en/movies/MaAli-Mama
100,16,2929,https://www.muvicinemas.com/en/movies/Ambulance
101,16,2930,https://www.muvicinemas.com/en/movies/The-Batman
102,16,2931,https://www.muvicinemas.com/en/movies/Turning-Red
103,16,2932,https://www.muvicinemas.com/en/movies/Uncharted
104,16,2933,https://www.muvicinemas.com/en/movies/The-Contractor
105,16,2934,https://www.muvicinemas.com/en/movies/Champions
106,16,2941,https://www.muvicinemas.com/en/movies/Hamel-EL-Lakab
107,20,2928,https://www.muvicinemas.com/en/movies/Blippi-Eng
108,20,2914,https://www.muvicinemas.com/en/movies/Morbius
109,20,2915,https://www.muvicinemas.com/en/movies/The-Lost-City
110,20,2920,https://www.muvicinemas.com/en/movies/The-Requin
111,20,2921,https://www.muvicinemas.com/en/movies/Bachchhan-Paandey
112,20,2923,https://www.muvicinemas.com/en/movies/Ted-K
113,20,2926,https://www.muvicinemas.com/en/movies/MaAli-Mama
114,20,2929,https://www.muvicinemas.com/en/movies/Ambulance
115,20,2930,https://www.muvicinemas.com/en/movies/The-Batman
116,20,2931,https://www.muvicinemas.com/en/movies/Turning-Red
117,20,2932,https://www.muvicinemas.com/en/movies/Uncharted
118,20,2933,https://www.muvicinemas.com/en/movies/The-Contractor
119,20,2934,https://www.muvicinemas.com/en/movies/Champions
120,20,2939,https://www.muvicinemas.com/en/movies/Blacklight
121,20,2940,https://www.muvicinemas.com/en/movies/Bheeshma-Parvam
122,20,2941,https://www.muvicinemas.com/en/movies/Hamel-EL-Lakab
123,20,2944,https://www.muvicinemas.com/en/movies/Encanto
124,24,2928,https://www.muvicinemas.com/en/movies/Blippi-Eng
125,24,2914,https://www.muvicinemas.com/en/movies/Morbius
126,24,2915,https://www.muvicinemas.com/en/movies/The-Lost-City
127,24,2918,https://www.muvicinemas.com/en/movies/The-Bad-Guys-Eng
128,24,2919,https://www.muvicinemas.com/en/movies/The-Bad-Guys-AR
129,24,2920,https://www.muvicinemas.com/en/movies/The-Requin
130,24,2923,https://www.muvicinemas.com/en/movies/Ted-K
131,24,2926,https://www.muvicinemas.com/en/movies/MaAli-Mama
132,24,2929,https://www.muvicinemas.com/en/movies/Ambulance
133,24,2930,https://www.muvicinemas.com/en/movies/The-Batman
134,24,2931,https://www.muvicinemas.com/en/movies/Turning-Red
135,24,2932,https://www.muvicinemas.com/en/movies/Uncharted
136,24,2933,https://www.muvicinemas.com/en/movies/The-Contractor
137,24,2938,https://www.muvicinemas.com/en/movies/Men-Agl-Ziko
138,24,2939,https://www.muvicinemas.com/en/movies/Blacklight
139,24,2941,https://www.muvicinemas.com/en/movies/Hamel-EL-Lakab
140,24,2942,https://www.muvicinemas.com/en/movies/The-Desparate-Hours
141,27,2914,https://ksa.voxcinemas.com/showtimes?c=al-qasr-mall-riyadh&m=morbius
142,27,2915,https://ksa.voxcinemas.com/showtimes?c=al-qasr-mall-riyadh&m=the-lost-city
143,27,2916,https://ksa.voxcinemas.com/showtimes?c=al-qasr-mall-riyadh&m=rrr-hindi
144,27,2918,https://ksa.voxcinemas.com/showtimes?c=al-qasr-mall-riyadh&m=the-bad-guys
145,27,2920,https://ksa.voxcinemas.com/showtimes?c=al-qasr-mall-riyadh&m=the-requin
146,27,2921,https://ksa.voxcinemas.com/showtimes?c=al-qasr-mall-riyadh&m=bachchhan-paandey-hindi
147,27,2922,https://ksa.voxcinemas.com/showtimes?c=al-qasr-mall-riyadh&m=the-wolf-and-the-lion
148,27,2924,https://ksa.voxcinemas.com/showtimes?c=al-qasr-mall-riyadh&m=you-are-not-my-mother
149,27,2926,https://ksa.voxcinemas.com/showtimes?c=al-qasr-mall-riyadh&m=maaly-mama-arabic
150,27,2927,https://ksa.voxcinemas.com/showtimes?c=al-qasr-mall-riyadh&m=etharkkum-thunindhavan-tamil
151,27,2929,https://ksa.voxcinemas.com/showtimes?c=al-qasr-mall-riyadh&m=ambulance
152,27,2930,https://ksa.voxcinemas.com/showtimes?c=al-qasr-mall-riyadh&m=the-batman
153,27,2931,https://ksa.voxcinemas.com/showtimes?c=al-qasr-mall-riyadh&m=turning-red
154,27,2932,https://ksa.voxcinemas.com/showtimes?c=al-qasr-mall-riyadh&m=uncharted
155,27,2933,https://ksa.voxcinemas.com/showtimes?c=al-qasr-mall-riyadh&m=the-contractor
156,27,2936,https://ksa.voxcinemas.com/showtimes?c=al-qasr-mall-riyadh&m=the-smurfs
157,27,2938,https://ksa.voxcinemas.com/showtimes?c=al-qasr-mall-riyadh&m=men-agl-zeko-arabic
158,27,2940,https://ksa.voxcinemas.com/showtimes?c=al-qasr-mall-riyadh&m=bheeshma-parvam-malayalam
159,27,2941,https://ksa.voxcinemas.com/showtimes?c=al-qasr-mall-riyadh&m=hamel-el-lakab-arabic
160,31,2914,https://ksa.voxcinemas.com/showtimes?c=kingdom-centre-riyadh&m=morbius
161,31,2915,https://ksa.voxcinemas.com/showtimes?c=kingdom-centre-riyadh&m=the-lost-city
162,31,2918,https://ksa.voxcinemas.com/showtimes?c=kingdom-centre-riyadh&m=the-bad-guys
163,31,2929,https://ksa.voxcinemas.com/showtimes?c=kingdom-centre-riyadh&m=ambulance
164,31,2930,https://ksa.voxcinemas.com/showtimes?c=kingdom-centre-riyadh&m=the-batman
165,31,2931,https://ksa.voxcinemas.com/showtimes?c=kingdom-centre-riyadh&m=turning-red
166,31,2932,https://ksa.voxcinemas.com/showtimes?c=kingdom-centre-riyadh&m=uncharted
167,31,2933,https://ksa.voxcinemas.com/showtimes?c=kingdom-centre-riyadh&m=the-contractor
168,31,2941,https://ksa.voxcinemas.com/showtimes?c=kingdom-centre-riyadh&m=hamel-el-lakab-arabic
169,32,2914,https://ksa.voxcinemas.com/showtimes?c=red-sea-mall-jeddah&m=morbius
170,32,2915,https://ksa.voxcinemas.com/showtimes?c=red-sea-mall-jeddah&m=the-lost-city
171,32,2918,https://ksa.voxcinemas.com/showtimes?c=red-sea-mall-jeddah&m=the-bad-guys
172,32,2919,https://ksa.voxcinemas.com/showtimes?c=red-sea-mall-jeddah&m=the-bad-guys-arabic
173,32,2920,https://ksa.voxcinemas.com/showtimes?c=red-sea-mall-jeddah&m=the-requin
174,32,2926,https://ksa.voxcinemas.com/showtimes?c=red-sea-mall-jeddah&m=maaly-mama-arabic
175,32,2929,https://ksa.voxcinemas.com/showtimes?c=red-sea-mall-jeddah&m=ambulance
176,32,2930,https://ksa.voxcinemas.com/showtimes?c=red-sea-mall-jeddah&m=the-batman
177,32,2931,https://ksa.voxcinemas.com/showtimes?c=red-sea-mall-jeddah&m=turning-red
178,32,2932,https://ksa.voxcinemas.com/showtimes?c=red-sea-mall-jeddah&m=uncharted
179,32,2933,https://ksa.voxcinemas.com/showtimes?c=red-sea-mall-jeddah&m=the-contractor
180,32,2934,https://ksa.voxcinemas.com/showtimes?c=red-sea-mall-jeddah&m=champions-arabic
181,32,2936,https://ksa.voxcinemas.com/showtimes?c=red-sea-mall-jeddah&m=the-smurfs
182,32,2938,https://ksa.voxcinemas.com/showtimes?c=red-sea-mall-jeddah&m=men-agl-zeko-arabic
183,32,2941,https://ksa.voxcinemas.com/showtimes?c=red-sea-mall-jeddah&m=hamel-el-lakab-arabic
184,33,2914,https://ksa.voxcinemas.com/showtimes?c=riyadh-front-riyadh&m=morbius
185,33,2915,https://ksa.voxcinemas.com/showtimes?c=riyadh-front-riyadh&m=the-lost-city
186,33,2918,https://ksa.voxcinemas.com/showtimes?c=riyadh-front-riyadh&m=the-bad-guys
187,33,2919,https://ksa.voxcinemas.com/showtimes?c=riyadh-front-riyadh&m=the-bad-guys-arabic
188,33,2920,https://ksa.voxcinemas.com/showtimes?c=riyadh-front-riyadh&m=the-requin
189,33,2922,https://ksa.voxcinemas.com/showtimes?c=riyadh-front-riyadh&m=the-wolf-and-the-lion
190,33,2924,https://ksa.voxcinemas.com/showtimes?c=riyadh-front-riyadh&m=you-are-not-my-mother
191,33,2926,https://ksa.voxcinemas.com/showtimes?c=riyadh-front-riyadh&m=maaly-mama-arabic
192,33,2929,https://ksa.voxcinemas.com/showtimes?c=riyadh-front-riyadh&m=ambulance
193,33,2930,https://ksa.voxcinemas.com/showtimes?c=riyadh-front-riyadh&m=the-batman
194,33,2931,https://ksa.voxcinemas.com/showtimes?c=riyadh-front-riyadh&m=turning-red
195,33,2932,https://ksa.voxcinemas.com/showtimes?c=riyadh-front-riyadh&m=uncharted
196,33,2933,https://ksa.voxcinemas.com/showtimes?c=riyadh-front-riyadh&m=the-contractor
197,33,2936,https://ksa.voxcinemas.com/showtimes?c=riyadh-front-riyadh&m=the-smurfs
198,33,2937,https://ksa.voxcinemas.com/showtimes?c=riyadh-front-riyadh&m=death-on-the-nile
199,33,2938,https://ksa.voxcinemas.com/showtimes?c=riyadh-front-riyadh&m=men-agl-zeko-arabic
200,33,2939,https://ksa.voxcinemas.com/showtimes?c=riyadh-front-riyadh&m=blacklight
201,33,2941,https://ksa.voxcinemas.com/showtimes?c=riyadh-front-riyadh&m=hamel-el-lakab-arabic
202,34,2914,https://ksa.voxcinemas.com/showtimes?c=riyadh-park-riyadh&m=morbius
203,34,2915,https://ksa.voxcinemas.com/showtimes?c=riyadh-park-riyadh&m=the-lost-city
204,34,2918,https://ksa.voxcinemas.com/showtimes?c=riyadh-park-riyadh&m=the-bad-guys
205,34,2919,https://ksa.voxcinemas.com/showtimes?c=riyadh-park-riyadh&m=the-bad-guys-arabic
206,34,2920,https://ksa.voxcinemas.com/showtimes?c=riyadh-park-riyadh&m=the-requin
207,34,2921,https://ksa.voxcinemas.com/showtimes?c=riyadh-park-riyadh&m=bachchhan-paandey-hindi
208,34,2926,https://ksa.voxcinemas.com/showtimes?c=riyadh-park-riyadh&m=maaly-mama-arabic
209,34,2929,https://ksa.voxcinemas.com/showtimes?c=riyadh-park-riyadh&m=ambulance
210,34,2930,https://ksa.voxcinemas.com/showtimes?c=riyadh-park-riyadh&m=the-batman
211,34,2931,https://ksa.voxcinemas.com/showtimes?c=riyadh-park-riyadh&m=turning-red
212,34,2932,https://ksa.voxcinemas.com/showtimes?c=riyadh-park-riyadh&m=uncharted
213,34,2933,https://ksa.voxcinemas.com/showtimes?c=riyadh-park-riyadh&m=the-contractor
214,34,2934,https://ksa.voxcinemas.com/showtimes?c=riyadh-park-riyadh&m=champions-arabic
215,34,2936,https://ksa.voxcinemas.com/showtimes?c=riyadh-park-riyadh&m=the-smurfs
216,34,2941,https://ksa.voxcinemas.com/showtimes?c=riyadh-park-riyadh&m=hamel-el-lakab-arabic
217,35,2914,https://ksa.voxcinemas.com/showtimes?c=sahara-mall-riyadh&m=morbius
218,35,2915,https://ksa.voxcinemas.com/showtimes?c=sahara-mall-riyadh&m=the-lost-city
219,35,2916,https://ksa.voxcinemas.com/showtimes?c=sahara-mall-riyadh&m=rrr-hindi
220,35,2918,https://ksa.voxcinemas.com/showtimes?c=sahara-mall-riyadh&m=the-bad-guys
221,35,2919,https://ksa.voxcinemas.com/showtimes?c=sahara-mall-riyadh&m=the-bad-guys-arabic
222,35,2920,https://ksa.voxcinemas.com/showtimes?c=sahara-mall-riyadh&m=the-requin
223,35,2922,https://ksa.voxcinemas.com/showtimes?c=sahara-mall-riyadh&m=the-wolf-and-the-lion
224,35,2929,https://ksa.voxcinemas.com/showtimes?c=sahara-mall-riyadh&m=ambulance
225,35,2930,https://ksa.voxcinemas.com/showtimes?c=sahara-mall-riyadh&m=the-batman
226,35,2931,https://ksa.voxcinemas.com/showtimes?c=sahara-mall-riyadh&m=turning-red
227,35,2932,https://ksa.voxcinemas.com/showtimes?c=sahara-mall-riyadh&m=uncharted
228,35,2933,https://ksa.voxcinemas.com/showtimes?c=sahara-mall-riyadh&m=the-contractor
229,35,2941,https://ksa.voxcinemas.com/showtimes?c=sahara-mall-riyadh&m=hamel-el-lakab-arabic
230,36,2914,https://ksa.voxcinemas.com/showtimes?c=tabuk-park-tabuk&m=morbius
231,36,2915,https://ksa.voxcinemas.com/showtimes?c=tabuk-park-tabuk&m=the-lost-city
232,36,2916,https://ksa.voxcinemas.com/showtimes?c=tabuk-park-tabuk&m=rrr-hindi
233,36,2918,https://ksa.voxcinemas.com/showtimes?c=tabuk-park-tabuk&m=the-bad-guys
234,36,2919,https://ksa.voxcinemas.com/showtimes?c=tabuk-park-tabuk&m=the-bad-guys-arabic
235,36,2920,https://ksa.voxcinemas.com/showtimes?c=tabuk-park-tabuk&m=the-requin
236,36,2921,https://ksa.voxcinemas.com/showtimes?c=tabuk-park-tabuk&m=bachchhan-paandey-hindi
237,36,2922,https://ksa.voxcinemas.com/showtimes?c=tabuk-park-tabuk&m=the-wolf-and-the-lion
238,36,2923,https://ksa.voxcinemas.com/showtimes?c=tabuk-park-tabuk&m=ted-k
239,36,2924,https://ksa.voxcinemas.com/showtimes?c=tabuk-park-tabuk&m=you-are-not-my-mother
240,36,2926,https://ksa.voxcinemas.com/showtimes?c=tabuk-park-tabuk&m=maaly-mama-arabic
241,36,2927,https://ksa.voxcinemas.com/showtimes?c=tabuk-park-tabuk&m=etharkkum-thunindhavan-tamil
242,36,2929,https://ksa.voxcinemas.com/showtimes?c=tabuk-park-tabuk&m=ambulance
243,36,2930,https://ksa.voxcinemas.com/showtimes?c=tabuk-park-tabuk&m=the-batman
244,36,2931,https://ksa.voxcinemas.com/showtimes?c=tabuk-park-tabuk&m=turning-red
245,36,2932,https://ksa.voxcinemas.com/showtimes?c=tabuk-park-tabuk&m=uncharted
246,36,2938,https://ksa.voxcinemas.com/showtimes?c=tabuk-park-tabuk&m=men-agl-zeko-arabic
247,36,2941,https://ksa.voxcinemas.com/showtimes?c=tabuk-park-tabuk&m=hamel-el-lakab-arabic
248,37,2914,https://ksa.voxcinemas.com/showtimes?c=the-esplanade-riyadh&m=morbius
249,37,2915,https://ksa.voxcinemas.com/showtimes?c=the-esplanade-riyadh&m=the-lost-city
250,37,2918,https://ksa.voxcinemas.com/showtimes?c=the-esplanade-riyadh&m=the-bad-guys
251,37,2919,https://ksa.voxcinemas.com/showtimes?c=the-esplanade-riyadh&m=the-bad-guys-arabic
252,37,2920,https://ksa.voxcinemas.com/showtimes?c=the-esplanade-riyadh&m=the-requin
253,37,2925,https://ksa.voxcinemas.com/showtimes?c=the-esplanade-riyadh&m=koati
254,37,2929,https://ksa.voxcinemas.com/showtimes?c=the-esplanade-riyadh&m=ambulance
255,37,2930,https://ksa.voxcinemas.com/showtimes?c=the-esplanade-riyadh&m=the-batman
256,37,2931,https://ksa.voxcinemas.com/showtimes?c=the-esplanade-riyadh&m=turning-red
257,37,2941,https://ksa.voxcinemas.com/showtimes?c=the-esplanade-riyadh&m=hamel-el-lakab-arabic
258,38,2914,https://ksa.voxcinemas.com/showtimes?c=the-roof-riyadh&m=morbius
259,38,2915,https://ksa.voxcinemas.com/showtimes?c=the-roof-riyadh&m=the-lost-city
260,38,2916,https://ksa.voxcinemas.com/showtimes?c=the-roof-riyadh&m=rrr-hindi
261,38,2918,https://ksa.voxcinemas.com/showtimes?c=the-roof-riyadh&m=the-bad-guys
262,38,2919,https://ksa.voxcinemas.com/showtimes?c=the-roof-riyadh&m=the-bad-guys-arabic
263,38,2920,https://ksa.voxcinemas.com/showtimes?c=the-roof-riyadh&m=the-requin
264,38,2929,https://ksa.voxcinemas.com/showtimes?c=the-roof-riyadh&m=ambulance
265,38,2930,https://ksa.voxcinemas.com/showtimes?c=the-roof-riyadh&m=the-batman
266,38,2931,https://ksa.voxcinemas.com/showtimes?c=the-roof-riyadh&m=turning-red
267,38,2932,https://ksa.voxcinemas.com/showtimes?c=the-roof-riyadh&m=uncharted
268,38,2933,https://ksa.voxcinemas.com/showtimes?c=the-roof-riyadh&m=the-contractor
269,38,2934,https://ksa.voxcinemas.com/showtimes?c=the-roof-riyadh&m=champions-arabic
270,39,2914,"https://ksa.voxcinemas.com/showtimes?c=the-spot,-sheikh-jaber-riyadh&m=morbius"
271,39,2915,"https://ksa.voxcinemas.com/showtimes?c=the-spot,-sheikh-jaber-riyadh&m=the-lost-city"
272,39,2916,"https://ksa.voxcinemas.com/showtimes?c=the-spot,-sheikh-jaber-riyadh&m=rrr-hindi"
273,39,2918,"https://ksa.voxcinemas.com/showtimes?c=the-spot,-sheikh-jaber-riyadh&m=the-bad-guys"
274,39,2919,"https://ksa.voxcinemas.com/showtimes?c=the-spot,-sheikh-jaber-riyadh&m=the-bad-guys-arabic"
275,39,2921,"https://ksa.voxcinemas.com/showtimes?c=the-spot,-sheikh-jaber-riyadh&m=bachchhan-paandey-hindi"
276,39,2929,"https://ksa.voxcinemas.com/showtimes?c=the-spot,-sheikh-jaber-riyadh&m=ambulance"
277,39,2930,"https://ksa.voxcinemas.com/showtimes?c=the-spot,-sheikh-jaber-riyadh&m=the-batman"
278,39,2931,"https://ksa.voxcinemas.com/showtimes?c=the-spot,-sheikh-jaber-riyadh&m=turning-red"
279,39,2933,"https://ksa.voxcinemas.com/showtimes?c=the-spot,-sheikh-jaber-riyadh&m=the-contractor"
280,39,2934,"https://ksa.voxcinemas.com/showtimes?c=the-spot,-sheikh-jaber-riyadh&m=champions-arabic"
281,40,2914,https://ksa.voxcinemas.com/showtimes?c=town-square-jeddah&m=morbius
282,40,2915,https://ksa.voxcinemas.com/showtimes?c=town-square-jeddah&m=the-lost-city
283,40,2916,https://ksa.voxcinemas.com/showtimes?c=town-square-jeddah&m=rrr-hindi
284,40,2918,https://ksa.voxcinemas.com/showtimes?c=town-square-jeddah&m=the-bad-guys
285,40,2919,https://ksa.voxcinemas.com/showtimes?c=town-square-jeddah&m=the-bad-guys-arabic
286,40,2920,https://ksa.voxcinemas.com/showtimes?c=town-square-jeddah&m=the-requin
287,40,2921,https://ksa.voxcinemas.com/showtimes?c=town-square-jeddah&m=bachchhan-paandey-hindi
288,40,2927,https://ksa.voxcinemas.com/showtimes?c=town-square-jeddah&m=etharkkum-thunindhavan-tamil
289,40,2929,https://ksa.voxcinemas.com/showtimes?c=town-square-jeddah&m=ambulance
290,40,2930,https://ksa.voxcinemas.com/showtimes?c=town-square-jeddah&m=the-batman
291,40,2931,https://ksa.voxcinemas.com/showtimes?c=town-square-jeddah&m=turning-red
292,40,2932,https://ksa.voxcinemas.com/showtimes?c=town-square-jeddah&m=uncharted
293,40,2934,https://ksa.voxcinemas.com/showtimes?c=town-square-jeddah&m=champions-arabic
294,40,2937,https://ksa.voxcinemas.com/showtimes?c=town-square-jeddah&m=death-on-the-nile
295,40,2938,https://ksa.voxcinemas.com/showtimes?c=town-square-jeddah&m=men-agl-zeko-arabic
296,40,2940,https://ksa.voxcinemas.com/showtimes?c=town-square-jeddah&m=bheeshma-parvam-malayalam
297,40,2941,https://ksa.voxcinemas.com/showtimes?c=town-square-jeddah&m=hamel-el-lakab-arabic
298,41,2914,https://ksa.voxcinemas.com/showtimes?c=west-avenue-mall-dammam&m=morbius
299,41,2915,https://ksa.voxcinemas.com/showtimes?c=west-avenue-mall-dammam&m=the-lost-city
300,41,2918,https://ksa.voxcinemas.com/showtimes?c=west-avenue-mall-dammam&m=the-bad-guys
301,41,2919,https://ksa.voxcinemas.com/showtimes?c=west-avenue-mall-dammam&m=the-bad-guys-arabic
302,41,2920,https://ksa.voxcinemas.com/showtimes?c=west-avenue-mall-dammam&m=the-requin
303,41,2921,https://ksa.voxcinemas.com/showtimes?c=west-avenue-mall-dammam&m=bachchhan-paandey-hindi
304,41,2929,https://ksa.voxcinemas.com/showtimes?c=west-avenue-mall-dammam&m=ambulance
305,41,2930,https://ksa.voxcinemas.com/showtimes?c=west-avenue-mall-dammam&m=the-batman
306,41,2931,https://ksa.voxcinemas.com/showtimes?c=west-avenue-mall-dammam&m=turning-red
307,41,2933,https://ksa.voxcinemas.com/showtimes?c=west-avenue-mall-dammam&m=the-contractor
308,41,2934,https://ksa.voxcinemas.com/showtimes?c=west-avenue-mall-dammam&m=champions-arabic
309,3,2914,https://www.amccinemas.com/movies/Morbius
310,3,2915,https://www.amccinemas.com/movies/The-Lost-City-
311,3,2918,https://www.amccinemas.com/movies/The-Bad-Guys
312,3,2919,https://www.amccinemas.com/movies/The-Bad-Guys--Arabic
313,3,2925,https://www.amccinemas.com/movies/Koati
314,3,2926,https://www.amccinemas.com/movies/Maaly-Mama
315,3,2929,https://www.amccinemas.com/movies/Ambulance
316,3,2930,https://www.amccinemas.com/movies/The-Batman
317,3,2931,https://www.amccinemas.com/movies/Turning-Red
318,3,2932,https://www.amccinemas.com/movies/Uncharted
319,3,2933,https://www.amccinemas.com/movies/The-Contractor
320,3,2938,https://www.amccinemas.com/movies/Men-Agl-Ziko
321,3,2942,https://www.amccinemas.com/movies/The-Desperate-Hour
322,42,2914,https://www.amccinemas.com/movies/Morbius
323,42,2929,https://www.amccinemas.com/movies/Ambulance
324,42,2930,https://www.amccinemas.com/movies/The-Batman
325,2,2914,https://www.amccinemas.com/movies/Morbius
326,2,2918,https://www.amccinemas.com/movies/The-Bad-Guys
327,2,2919,https://www.amccinemas.com/movies/The-Bad-Guys--Arabic
328,2,2926,https://www.amccinemas.com/movies/Maaly-Mama
329,2,2929,https://www.amccinemas.com/movies/Ambulance
330,2,2930,https://www.amccinemas.com/movies/The-Batman
331,2,2931,https://www.amccinemas.com/movies/Turning-Red
332,2,2932,https://www.amccinemas.com/movies/Uncharted
333,2,2933,https://www.amccinemas.com/movies/The-Contractor
334,2,2938,https://www.amccinemas.com/movies/Men-Agl-Ziko
335,4,2914,https://www.amccinemas.com/movies/Morbius
336,4,2918,https://www.amccinemas.com/movies/The-Bad-Guys
337,4,2919,https://www.amccinemas.com/movies/The-Bad-Guys--Arabic
338,4,2926,https://www.amccinemas.com/movies/Maaly-Mama
339,4,2929,https://www.amccinemas.com/movies/Ambulance
340,4,2930,https://www.amccinemas.com/movies/The-Batman
341,4,2931,https://www.amccinemas.com/movies/Turning-Red
342,4,2932,https://www.amccinemas.com/movies/Uncharted
343,4,2933,https://www.amccinemas.com/movies/The-Contractor
344,4,2938,https://www.amccinemas.com/movies/Men-Agl-Ziko
345,4,2942,https://www.amccinemas.com/movies/The-Desperate-Hour
346,4,2944,https://www.amccinemas.com/movies/Encanto
347,4,2945,https://www.amccinemas.com/movies/Marry-Me
348,5,2914,https://www.amccinemas.com/movies/Morbius
349,5,2915,https://www.amccinemas.com/movies/The-Lost-City-
350,5,2918,https://www.amccinemas.com/movies/The-Bad-Guys
351,5,2921,https://www.amccinemas.com/movies/Bachchan-Paandey
352,5,2929,https://www.amccinemas.com/movies/Ambulance
353,5,2930,https://www.amccinemas.com/movies/The-Batman
354,5,2931,https://www.amccinemas.com/movies/Turning-Red
355,43,2914,https://www.amccinemas.com/movies/Morbius
356,43,2915,https://www.amccinemas.com/movies/The-Lost-City-
357,43,2918,https://www.amccinemas.com/movies/The-Bad-Guys
358,43,2929,https://www.amccinemas.com/movies/Ambulance
359,43,2930,https://www.amccinemas.com/movies/The-Batman
360,43,2931,https://www.amccinemas.com/movies/Turning-Red
361,43,2932,https://www.amccinemas.com/movies/Uncharted
362,43,2933,https://www.amccinemas.com/movies/The-Contractor
363,43,2938,https://www.amccinemas.com/movies/Men-Agl-Ziko
364,44,2914,https://www.amccinemas.com/movies/Morbius
365,44,2915,https://www.amccinemas.com/movies/The-Lost-City-
366,44,2918,https://www.amccinemas.com/movies/The-Bad-Guys
367,44,2929,https://www.amccinemas.com/movies/Ambulance
368,44,2930,https://www.amccinemas.com/movies/The-Batman
369,44,2931,https://www.amccinemas.com/movies/Turning-Red
370,44,2932,https://www.amccinemas.com/movies/Uncharted
371,44,2933,https://www.amccinemas.com/movies/The-Contractor
372,1,2914,https://www.amccinemas.com/movies/Morbius
373,1,2915,https://www.amccinemas.com/movies/The-Lost-City-
374,1,2918,https://www.amccinemas.com/movies/The-Bad-Guys
375,1,2919,https://www.amccinemas.com/movies/The-Bad-Guys--Arabic
376,1,2926,https://www.amccinemas.com/movies/Maaly-Mama
377,1,2929,https://www.amccinemas.com/movies/Ambulance
378,1,2930,https://www.amccinemas.com/movies/The-Batman
379,1,2931,https://www.amccinemas.com/movies/Turning-Red
380,1,2932,https://www.amccinemas.com/movies/Uncharted
381,1,2933,https://www.amccinemas.com/movies/The-Contractor
382,1,2942,https://www.amccinemas.com/movies/The-Desperate-Hour
383,45,2914,https://www.amccinemas.com/movies/Morbius
384,45,2915,https://www.amccinemas.com/movies/The-Lost-City-
385,45,2918,https://www.amccinemas.com/movies/The-Bad-Guys
386,45,2919,https://www.amccinemas.com/movies/The-Bad-Guys--Arabic
387,45,2926,https://www.amccinemas.com/movies/Maaly-Mama
388,45,2929,https://www.amccinemas.com/movies/Ambulance
389,45,2930,https://www.amccinemas.com/movies/The-Batman
390,45,2931,https://www.amccinemas.com/movies/Turning-Red
391,45,2932,https://www.amccinemas.com/movies/Uncharted
392,45,2933,https://www.amccinemas.com/movies/The-Contractor
393,45,2938,https://www.amccinemas.com/movies/Men-Agl-Ziko
394,6,2914,https://www.amccinemas.com/movies/Morbius
395,6,2915,https://www.amccinemas.com/movies/The-Lost-City-
396,6,2918,https://www.amccinemas.com/movies/The-Bad-Guys
397,6,2919,https://www.amccinemas.com/movies/The-Bad-Guys--Arabic
398,6,2926,https://www.amccinemas.com/movies/Maaly-Mama
399,6,2929,https://www.amccinemas.com/movies/Ambulance
400,6,2930,https://www.amccinemas.com/movies/The-Batman
401,6,2931,https://www.amccinemas.com/movies/Turning-Red
402,6,2932,https://www.amccinemas.com/movies/Uncharted
403,6,2938,https://www.amccinemas.com/movies/Men-Agl-Ziko
404,6,2941,https://www.amccinemas.com/movies/Hamel-El-Lakab
405,6,2943,https://www.amccinemas.com/movies/1111
406,12,2914,https://www.muvicinemas.com/en/movies/Morbius
407,12,2915,https://www.muvicinemas.com/en/movies/The-Lost-City
408,12,2918,https://www.muvicinemas.com/en/movies/The-Bad-Guys-Eng
409,12,2920,https://www.muvicinemas.com/en/movies/The-Requin
410,12,2924,https://www.muvicinemas.com/en/movies/You-Are-Not-My-Mother
411,12,2929,https://www.muvicinemas.com/en/movies/Ambulance
412,12,2930,https://www.muvicinemas.com/en/movies/The-Batman
413,13,2914,https://www.muvicinemas.com/en/movies/Morbius
414,13,2915,https://www.muvicinemas.com/en/movies/The-Lost-City
415,13,2918,https://www.muvicinemas.com/en/movies/The-Bad-Guys-Eng
416,13,2919,https://www.muvicinemas.com/en/movies/The-Bad-Guys-AR
417,13,2923,https://www.muvicinemas.com/en/movies/Ted-K
418,13,2926,https://www.muvicinemas.com/en/movies/MaAli-Mama
419,13,2929,https://www.muvicinemas.com/en/movies/Ambulance
420,13,2930,https://www.muvicinemas.com/en/movies/The-Batman
421,13,2931,https://www.muvicinemas.com/en/movies/Turning-Red
422,13,2932,https://www.muvicinemas.com/en/movies/Uncharted
423,13,2933,https://www.muvicinemas.com/en/movies/The-Contractor
424,13,2938,https://www.muvicinemas.com/en/movies/Men-Agl-Ziko
425,13,2942,https://www.muvicinemas.com/en/movies/The-Desparate-Hours
426,11,2914,https://www.muvicinemas.com/en/movies/Morbius
427,11,2915,https://www.muvicinemas.com/en/movies/The-Lost-City
428,11,2918,https://www.muvicinemas.com/en/movies/The-Bad-Guys-Eng
429,11,2920,https://www.muvicinemas.com/en/movies/The-Requin
430,11,2921,https://www.muvicinemas.com/en/movies/Bachchhan-Paandey
431,11,2923,https://www.muvicinemas.com/en/movies/Ted-K
432,11,2926,https://www.muvicinemas.com/en/movies/MaAli-Mama
433,11,2929,https://www.muvicinemas.com/en/movies/Ambulance
434,11,2930,https://www.muvicinemas.com/en/movies/The-Batman
435,11,2932,https://www.muvicinemas.com/en/movies/Uncharted
436,11,2938,https://www.muvicinemas.com/en/movies/Men-Agl-Ziko
437,11,2939,https://www.muvicinemas.com/en/movies/Blacklight
438,11,2941,https://www.muvicinemas.com/en/movies/Hamel-EL-Lakab
439,11,2942,https://www.muvicinemas.com/en/movies/The-Desparate-Hours
440,15,2914,https://www.muvicinemas.com/en/movies/Morbius
441,15,2915,https://www.muvicinemas.com/en/movies/The-Lost-City
442,15,2918,https://www.muvicinemas.com/en/movies/The-Bad-Guys-Eng
443,15,2919,https://www.muvicinemas.com/en/movies/The-Bad-Guys-AR
444,15,2921,https://www.muvicinemas.com/en/movies/Bachchhan-Paandey
445,15,2923,https://www.muvicinemas.com/en/movies/Ted-K
446,15,2925,https://www.muvicinemas.com/en/movies/Koati
447,15,2929,https://www.muvicinemas.com/en/movies/Ambulance
448,15,2930,https://www.muvicinemas.com/en/movies/The-Batman
449,15,2931,https://www.muvicinemas.com/en/movies/Turning-Red
450,15,2932,https://www.muvicinemas.com/en/movies/Uncharted
451,15,2942,https://www.muvicinemas.com/en/movies/The-Desparate-Hours
452,15,2944,https://www.muvicinemas.com/en/movies/Encanto
453,18,2914,https://www.muvicinemas.com/en/movies/Morbius
454,18,2915,https://www.muvicinemas.com/en/movies/The-Lost-City
455,18,2919,https://www.muvicinemas.com/en/movies/The-Bad-Guys-AR
456,18,2921,https://www.muvicinemas.com/en/movies/Bachchhan-Paandey
457,18,2925,https://www.muvicinemas.com/en/movies/Koati
458,18,2926,https://www.muvicinemas.com/en/movies/MaAli-Mama
459,18,2929,https://www.muvicinemas.com/en/movies/Ambulance
460,18,2930,https://www.muvicinemas.com/en/movies/The-Batman
461,18,2931,https://www.muvicinemas.com/en/movies/Turning-Red
462,18,2932,https://www.muvicinemas.com/en/movies/Uncharted
463,18,2933,https://www.muvicinemas.com/en/movies/The-Contractor
464,18,2938,https://www.muvicinemas.com/en/movies/Men-Agl-Ziko
465,17,2914,https://www.muvicinemas.com/en/movies/Morbius
466,17,2915,https://www.muvicinemas.com/en/movies/The-Lost-City
467,17,2918,https://www.muvicinemas.com/en/movies/The-Bad-Guys-Eng
468,17,2919,https://www.muvicinemas.com/en/movies/The-Bad-Guys-AR
469,17,2920,https://www.muvicinemas.com/en/movies/The-Requin
470,17,2921,https://www.muvicinemas.com/en/movies/Bachchhan-Paandey
471,17,2923,https://www.muvicinemas.com/en/movies/Ted-K
472,17,2926,https://www.muvicinemas.com/en/movies/MaAli-Mama
473,17,2929,https://www.muvicinemas.com/en/movies/Ambulance
474,17,2930,https://www.muvicinemas.com/en/movies/The-Batman
475,17,2932,https://www.muvicinemas.com/en/movies/Uncharted
476,17,2933,https://www.muvicinemas.com/en/movies/The-Contractor
477,17,2939,https://www.muvicinemas.com/en/movies/Blacklight
478,17,2941,https://www.muvicinemas.com/en/movies/Hamel-EL-Lakab
479,17,2942,https://www.muvicinemas.com/en/movies/The-Desparate-Hours
480,17,2944,https://www.muvicinemas.com/en/movies/Encanto
481,19,2914,https://www.muvicinemas.com/en/movies/Morbius
482,19,2915,https://www.muvicinemas.com/en/movies/The-Lost-City
483,19,2918,https://www.muvicinemas.com/en/movies/The-Bad-Guys-Eng
484,19,2919,https://www.muvicinemas.com/en/movies/The-Bad-Guys-AR
485,19,2920,https://www.muvicinemas.com/en/movies/The-Requin
486,19,2921,https://www.muvicinemas.com/en/movies/Bachchhan-Paandey
487,19,2922,https://www.muvicinemas.com/en/movies/The-Wolf-And-The-Lion
488,19,2923,https://www.muvicinemas.com/en/movies/Ted-K
489,19,2924,https://www.muvicinemas.com/en/movies/You-Are-Not-My-Mother
490,19,2925,https://www.muvicinemas.com/en/movies/Koati
491,19,2926,https://www.muvicinemas.com/en/movies/MaAli-Mama
492,19,2929,https://www.muvicinemas.com/en/movies/Ambulance
493,19,2930,https://www.muvicinemas.com/en/movies/The-Batman
494,19,2931,https://www.muvicinemas.com/en/movies/Turning-Red
495,19,2932,https://www.muvicinemas.com/en/movies/Uncharted
496,19,2933,https://www.muvicinemas.com/en/movies/The-Contractor
497,19,2934,https://www.muvicinemas.com/en/movies/Champions
498,19,2939,https://www.muvicinemas.com/en/movies/Blacklight
499,19,2941,https://www.muvicinemas.com/en/movies/Hamel-EL-Lakab
500,21,2914,https://www.muvicinemas.com/en/movies/Morbius
501,21,2915,https://www.muvicinemas.com/en/movies/The-Lost-City
502,21,2918,https://www.muvicinemas.com/en/movies/The-Bad-Guys-Eng
503,21,2919,https://www.muvicinemas.com/en/movies/The-Bad-Guys-AR
504,21,2921,https://www.muvicinemas.com/en/movies/Bachchhan-Paandey
505,21,2923,https://www.muvicinemas.com/en/movies/Ted-K
506,21,2925,https://www.muvicinemas.com/en/movies/Koati
507,21,2926,https://www.muvicinemas.com/en/movies/MaAli-Mama
508,21,2929,https://www.muvicinemas.com/en/movies/Ambulance
509,21,2930,https://www.muvicinemas.com/en/movies/The-Batman
510,21,2931,https://www.muvicinemas.com/en/movies/Turning-Red
511,21,2932,https://www.muvicinemas.com/en/movies/Uncharted
512,21,2933,https://www.muvicinemas.com/en/movies/The-Contractor
513,21,2935,https://www.muvicinemas.com/en/movies/The-Smurfs-Amazing-Adventures-AR
514,21,2939,https://www.muvicinemas.com/en/movies/Blacklight
515,21,2942,https://www.muvicinemas.com/en/movies/The-Desparate-Hours
516,22,2914,https://www.muvicinemas.com/en/movies/Morbius
517,22,2915,https://www.muvicinemas.com/en/movies/The-Lost-City
518,22,2919,https://www.muvicinemas.com/en/movies/The-Bad-Guys-AR
519,22,2929,https://www.muvicinemas.com/en/movies/Ambulance
520,22,2930,https://www.muvicinemas.com/en/movies/The-Batman
521,22,2931,https://www.muvicinemas.com/en/movies/Turning-Red
522,22,2939,https://www.muvicinemas.com/en/movies/Blacklight
523,23,2914,https://www.muvicinemas.com/en/movies/Morbius
524,23,2915,https://www.muvicinemas.com/en/movies/The-Lost-City
525,23,2918,https://www.muvicinemas.com/en/movies/The-Bad-Guys-Eng
526,23,2919,https://www.muvicinemas.com/en/movies/The-Bad-Guys-AR
527,23,2929,https://www.muvicinemas.com/en/movies/Ambulance
528,23,2930,https://www.muvicinemas.com/en/movies/The-Batman
529,23,2931,https://www.muvicinemas.com/en/movies/Turning-Red
530,23,2932,https://www.muvicinemas.com/en/movies/Uncharted
531,25,2914,https://www.muvicinemas.com/en/movies/Morbius
532,25,2915,https://www.muvicinemas.com/en/movies/The-Lost-City
533,25,2918,https://www.muvicinemas.com/en/movies/The-Bad-Guys-Eng
534,25,2919,https://www.muvicinemas.com/en/movies/The-Bad-Guys-AR
535,25,2923,https://www.muvicinemas.com/en/movies/Ted-K
536,25,2929,https://www.muvicinemas.com/en/movies/Ambulance
537,25,2930,https://www.muvicinemas.com/en/movies/The-Batman
538,25,2931,https://www.muvicinemas.com/en/movies/Turning-Red
539,25,2932,https://www.muvicinemas.com/en/movies/Uncharted
540,25,2933,https://www.muvicinemas.com/en/movies/The-Contractor
541,25,2934,https://www.muvicinemas.com/en/movies/Champions
542,25,2939,https://www.muvicinemas.com/en/movies/Blacklight
543,28,2915,https://ksa.voxcinemas.com/showtimes?c=atyaf-mall-riyadh&m=the-lost-city
544,28,2916,https://ksa.voxcinemas.com/showtimes?c=atyaf-mall-riyadh&m=rrr-hindi
545,28,2917,https://ksa.voxcinemas.com/showtimes?c=atyaf-mall-riyadh&m=rrr-telugu
546,28,2918,https://ksa.voxcinemas.com/showtimes?c=atyaf-mall-riyadh&m=the-bad-guys
547,28,2919,https://ksa.voxcinemas.com/showtimes?c=atyaf-mall-riyadh&m=the-bad-guys-arabic
548,28,2920,https://ksa.voxcinemas.com/showtimes?c=atyaf-mall-riyadh&m=the-requin
549,28,2921,https://ksa.voxcinemas.com/showtimes?c=atyaf-mall-riyadh&m=bachchhan-paandey-hindi
550,28,2924,https://ksa.voxcinemas.com/showtimes?c=atyaf-mall-riyadh&m=you-are-not-my-mother
551,28,2926,https://ksa.voxcinemas.com/showtimes?c=atyaf-mall-riyadh&m=maaly-mama-arabic
552,28,2927,https://ksa.voxcinemas.com/showtimes?c=atyaf-mall-riyadh&m=etharkkum-thunindhavan-tamil
553,28,2929,https://ksa.voxcinemas.com/showtimes?c=atyaf-mall-riyadh&m=ambulance
554,28,2930,https://ksa.voxcinemas.com/showtimes?c=atyaf-mall-riyadh&m=the-batman
555,28,2931,https://ksa.voxcinemas.com/showtimes?c=atyaf-mall-riyadh&m=turning-red
556,28,2933,https://ksa.voxcinemas.com/showtimes?c=atyaf-mall-riyadh&m=the-contractor
557,28,2935,https://ksa.voxcinemas.com/showtimes?c=atyaf-mall-riyadh&m=the-smurfs-arabic
558,28,2936,https://ksa.voxcinemas.com/showtimes?c=atyaf-mall-riyadh&m=the-smurfs
559,28,2941,https://ksa.voxcinemas.com/showtimes?c=atyaf-mall-riyadh&m=hamel-el-lakab-arabic
560,29,2915,https://ksa.voxcinemas.com/showtimes?c=hail-square-hail&m=the-lost-city
561,29,2918,https://ksa.voxcinemas.com/showtimes?c=hail-square-hail&m=the-bad-guys
562,29,2919,https://ksa.voxcinemas.com/showtimes?c=hail-square-hail&m=the-bad-guys-arabic
563,29,2926,https://ksa.voxcinemas.com/showtimes?c=hail-square-hail&m=maaly-mama-arabic
564,29,2929,https://ksa.voxcinemas.com/showtimes?c=hail-square-hail&m=ambulance
565,29,2930,https://ksa.voxcinemas.com/showtimes?c=hail-square-hail&m=the-batman
566,29,2931,https://ksa.voxcinemas.com/showtimes?c=hail-square-hail&m=turning-red
567,29,2933,https://ksa.voxcinemas.com/showtimes?c=hail-square-hail&m=the-contractor
568,29,2934,https://ksa.voxcinemas.com/showtimes?c=hail-square-hail&m=champions-arabic
569,30,2915,https://ksa.voxcinemas.com/showtimes?c=jubail-galleria-mall-jubail&m=the-lost-city
570,30,2918,https://ksa.voxcinemas.com/showtimes?c=jubail-galleria-mall-jubail&m=the-bad-guys
571,30,2919,https://ksa.voxcinemas.com/showtimes?c=jubail-galleria-mall-jubail&m=the-bad-guys-arabic
572,30,2920,https://ksa.voxcinemas.com/showtimes?c=jubail-galleria-mall-jubail&m=the-requin
573,30,2929,https://ksa.voxcinemas.com/showtimes?c=jubail-galleria-mall-jubail&m=ambulance
574,30,2930,https://ksa.voxcinemas.com/showtimes?c=jubail-galleria-mall-jubail&m=the-batman
575,30,2931,https://ksa.voxcinemas.com/showtimes?c=jubail-galleria-mall-jubail&m=turning-red
576,30,2934,https://ksa.voxcinemas.com/showtimes?c=jubail-galleria-mall-jubail&m=champions-arabic
577,30,2936,https://ksa.voxcinemas.com/showtimes?c=jubail-galleria-mall-jubail&m=the-smurfs
578,46,2919,https://www.muvicinemas.com/en/movies/The-Bad-Guys-AR
579,46,2923,https://www.muvicinemas.com/en/movies/Ted-K
580,46,2929,https://www.muvicinemas.com/en/movies/Ambulance
581,46,2932,https://www.muvicinemas.com/en/movies/Uncharted
582,46,2941,https://www.muvicinemas.com/en/movies/Hamel-EL-Lakab
